EVENT_ID,PATIENT_ID,CLINICIAN_ID,EVENT_TYPE,EVENT_DETAILS,EVENT_TIMESTAMP,SOURCE,STATUS,EVENT_HASH,INTEGRITY_STATUS,CREATED_AT
E0001,P0001,DR001,Medication Administration,Medication given as prescribed,2026-09-21T18:33:00,CAREVAULT,RECORDED,30be05d8afd54666bbc0dc7fdd9157b7a79ffb5902056148d4fca4def071f309,VALID,2026-09-21T18:33:00
E0002,P0002,NR001,Clinical Observation,Patient observed; vital signs recorded,2026-09-21T18:36:00,CAREVAULT,RECORDED,b1ddbb3fcdee64c40a8dbfda8936793cd5d6ffd1e467eaadbd91b3624668c5e4,VALID,2026-09-21T18:36:00
E0003,P0003,MG001,Investigation/Test,Investigation result recorded,2026-09-21T18:39:00,CAREVAULT,RECORDED,eed650fd4ff0fd13388e01595786d144d537751b4a07a65d286ab635c54abcca,VALID,2026-09-21T18:39:00
E0004,P0004,AD001,Procedure,Procedure completed and documented,2026-09-21T18:42:00,CAREVAULT,RECORDED,a1b50061268c6e987df878e0fcdbb28e1eff4a8c7f9bddbba506d60e358b0009,VALID,2026-09-21T18:42:00
E0005,P0005,DR001,Diagnosis/Clinical Assessment,Clinical assessment updated,2026-09-21T18:45:00,CAREVAULT,RECORDED,e4365300a06580a2d542524030f4b7c4be58eb428dd09e3eababf03aa734e7f6,VALID,2026-09-21T18:45:00
E0006,P0006,NR001,Medication Administration,Medication given as prescribed,2026-09-21T18:48:00,CAREVAULT,RECORDED,58d796b868cdfaa2886c3c62df8dd7b24c1c91c51edee623d517edfef9b40e16,VALID,2026-09-21T18:48:00
E0007,P0007,MG001,Clinical Observation,Patient observed; vital signs recorded,2026-09-21T18:51:00,CAREVAULT,RECORDED,9d6e1ac77b28d57ad48e76ade889eb7976109c2d8b44c8210bc98150046f64df,VALID,2026-09-21T18:51:00
E0008,P0008,AD001,Investigation/Test,Investigation result recorded,2026-09-21T18:54:00,CAREVAULT,RECORDED,a3a9a9d4f130292fc5d1c3fabf818cf503e3aded9f4d7f01304482261f8708eb,VALID,2026-09-21T18:54:00
E0009,P0009,DR001,Procedure,Procedure completed and documented,2026-09-21T18:57:00,CAREVAULT,RECORDED,2f2261151fe46d67b49d2d8e2fd7bb154d37ae630d64d21ae4168d2151671b78,VALID,2026-09-21T18:57:00
E0010,P0010,NR001,Diagnosis/Clinical Assessment,Clinical assessment updated,2026-09-21T19:00:00,CAREVAULT,RECORDED,1f6882942b7141a91f07406a72fe2cebd07bab9d168e3088b526f72b2a4d0118,VALID,2026-09-21T19:00:00
E0011,P0001,MG001,Medication Administration,Medication given as prescribed,2026-09-21T19:03:00,CAREVAULT,RECORDED,fec46c9a9f19a7920a27b97d2315e72f7e3420dd0e598fc359136fff31f255ca,VALID,2026-09-21T19:03:00
E0012,P0002,AD001,Clinical Observation,Patient observed; vital signs recorded,2026-09-21T19:06:00,CAREVAULT,RECORDED,4fba6ada2ec3cbf12a7870ad3c102b59065bf131572d843011596cb2b10e97a2,VALID,2026-09-21T19:06:00
E0013,P0003,DR001,Investigation/Test,Investigation result recorded,2026-09-21T19:09:00,CAREVAULT,RECORDED,3f97e35c3219ea859d88fa8ee3130273a8870148b9163e5bbd15c3fe3a846a72,VALID,2026-09-21T19:09:00
E0014,P0004,NR001,Procedure,Procedure completed and documented,2026-09-21T19:12:00,CAREVAULT,RECORDED,29cbe75a305b131e861d4ce0f28ea4d83e16c9f281ed2ea6247ff006a973be4b,VALID,2026-09-21T19:12:00
E0015,P0005,MG001,Diagnosis/Clinical Assessment,Clinical assessment updated,2026-09-21T19:15:00,CAREVAULT,RECORDED,7b446e866f3e84eb40c771b76a276568343e873911ec58384dd164562bc6d509,VALID,2026-09-21T19:15:00
E0016,P0006,AD001,Medication Administration,Medication given as prescribed,2026-09-21T19:18:00,CAREVAULT,RECORDED,d45fba690beec4a62ba908600ce6ddadab76b49d47d7631225fcfa9cd7b1146b,VALID,2026-09-21T19:18:00
E0017,P0007,DR001,Clinical Observation,Patient observed; vital signs recorded,2026-09-21T19:21:00,CAREVAULT,RECORDED,6cb752d94b0bb6785bc4d0394ff62f2d287e4268db08cd8bf0ea3b2370880c3a,VALID,2026-09-21T19:21:00
E0018,P0008,NR001,Investigation/Test,Investigation result recorded,2026-09-21T19:24:00,CAREVAULT,RECORDED,efbecd17cff3f0f81765d087ab7fcfd69fa80c9a6c408dc9b9bcb5afa70ad144,VALID,2026-09-21T19:24:00
E0019,P0009,MG001,Procedure,Procedure completed and documented,2026-09-21T19:27:00,CAREVAULT,RECORDED,1c65d2f5ef5932f9182ee1e1bb92b4818adb66d8c919bc4de5e5a3a5e0ebf1f4,VALID,2026-09-21T19:27:00
E0020,P0010,AD001,Diagnosis/Clinical Assessment,Clinical assessment updated,2026-09-21T19:30:00,CAREVAULT,RECORDED,5e420dd1bbbbe6f870b035d4c69a4417d090df26bebab05b864224860cae6331,VALID,2026-09-21T19:30:00
